ts_utc,open,high,low,close,volume,source
2026-07-03 09:30,4166.94,4168.92,4164.12,4167.51,33.7216,binance
2026-07-03 10:00,4167.51,4175.19,4165.82,4172.63,60.2082,binance
2026-07-03 10:30,4172.69,4173.09,4170.02,4171.27,41.2499,binance
2026-07-03 11:00,4171.27,4179.8,4170.18,4176.71,80.0395,binance
2026-07-03 11:30,4176.7,4179.68,4173.03,4174.52,60.7542,binance
2026-07-03 12:00,4174.83,4177.3,4167.97,4169.88,29.4016,binance
2026-07-03 12:30,4169.88,4172.51,4167.39,4172.51,45.8302,binance
2026-07-03 13:00,4172.66,4173.99,4160.01,4166.13,82.7479,binance
2026-07-03 13:30,4165.87,4165.87,4159.37,4160.32,115.0749,binance
2026-07-03 14:00,4160.32,4162.53,4151.37,4161.63,41.9412,binance
2026-07-03 14:30,4161.63,4166.0,4158.75,4165.97,55.1178,binance
2026-07-03 15:00,4165.29,4168.05,4163.25,4163.26,28.0513,binance
2026-07-03 15:30,4163.26,4163.87,4160.23,4160.24,23.7553,binance
2026-07-03 16:00,4160.23,4161.27,4157.59,4161.02,76.7531,binance
2026-07-03 16:30,4161.02,4169.98,4161.02,4169.28,32.2412,binance
2026-07-03 17:00,4169.27,4170.1,4168.36,4170.09,34.1197,binance
2026-07-03 17:30,4170.09,4170.1,4168.2,4169.37,19.9744,binance
2026-07-03 18:00,4169.38,4169.38,4168.0,4168.71,35.6683,binance
2026-07-03 18:30,4168.71,4171.77,4168.22,4169.52,160.4199,binance
2026-07-03 19:00,4169.53,4170.71,4169.52,4170.71,5.4667,binance
2026-07-03 19:30,4170.71,4171.18,4169.97,4170.66,11.4405,binance
2026-07-03 20:00,4170.66,4174.38,4170.65,4173.3,24.853,binance
2026-07-03 20:30,4173.31,4174.07,4170.67,4171.05,12.4395,binance
2026-07-03 21:00,4171.04,4172.9,4171.04,4172.36,13.0266,binance
2026-07-03 21:30,4172.36,4173.48,4171.22,4172.3,21.0338,binance
2026-07-03 22:00,4172.3,4172.49,4168.03,4168.03,15.7995,binance
2026-07-03 22:30,4168.03,4169.76,4167.38,4169.76,10.9309,binance
2026-07-03 23:00,4170.05,4171.58,4170.04,4171.44,9.3924,binance
2026-07-03 23:30,4171.45,4171.45,4165.11,4168.71,21.8673,binance
2026-07-04 00:00,4168.72,4170.52,4161.96,4161.96,22.1613,binance
2026-07-04 00:30,4161.96,4161.97,4158.91,4161.17,14.1262,binance
2026-07-04 01:00,4161.16,4162.77,4160.01,4162.77,7.7328,binance
2026-07-04 01:30,4162.76,4163.29,4162.76,4162.87,10.2479,binance
2026-07-04 02:00,4162.87,4162.87,4162.85,4162.87,1.1799,binance
2026-07-04 02:30,4162.86,4162.87,4162.65,4162.87,3.1014,binance
2026-07-04 03:00,4162.87,4163.84,4162.87,4163.83,2.9222,binance
2026-07-04 03:30,4163.84,4165.96,4163.83,4165.52,13.277,binance
2026-07-04 04:00,4165.53,4166.37,4165.52,4165.62,10.0852,binance
2026-07-04 04:30,4165.62,4166.28,4165.6,4166.28,7.0078,binance
2026-07-04 05:00,4166.28,4166.28,4164.51,4164.52,15.8482,binance
2026-07-04 05:30,4164.51,4164.52,4162.75,4162.76,13.0697,binance
2026-07-04 06:00,4162.76,4163.51,4162.7,4163.51,8.7462,binance
2026-07-04 06:30,4163.51,4163.93,4163.5,4163.54,4.2561,binance
2026-07-04 07:00,4163.54,4163.99,4163.53,4163.99,8.7772,binance
2026-07-04 07:30,4163.98,4164.09,4163.5,4163.9,14.7584,binance
2026-07-04 08:00,4163.9,4164.97,4163.9,4164.89,11.4134,binance
2026-07-04 08:30,4164.89,4167.61,4164.88,4165.51,21.5898,binance
2026-07-04 09:00,4165.51,4170.47,4165.5,4169.83,23.8287,binance
2026-07-04 09:30,4169.83,4169.83,4168.92,4168.92,8.6281,binance
2026-07-04 10:00,4168.93,4169.17,4168.92,4169.17,10.5041,binance
2026-07-04 10:30,4169.17,4169.17,4169.14,4169.15,5.3655,binance
2026-07-04 11:00,4169.15,4169.15,4166.28,4166.66,26.553,binance
2026-07-04 11:30,4166.67,4167.57,4165.92,4165.92,7.7532,binance
2026-07-04 12:00,4165.93,4165.93,4165.53,4165.53,7.2128,binance
2026-07-04 12:30,4165.53,4166.12,4165.45,4166.11,6.249,binance
2026-07-04 13:00,4166.11,4167.77,4165.16,4167.11,8.392,binance
2026-07-04 13:30,4167.1,4167.11,4166.35,4166.36,9.3981,binance
2026-07-04 14:00,4166.35,4166.66,4164.58,4164.58,15.855,binance
2026-07-04 14:30,4164.58,4166.19,4164.58,4166.19,8.1616,binance
2026-07-04 15:00,4166.19,4169.75,4166.18,4169.01,25.206,binance
2026-07-04 15:30,4169.01,4169.53,4168.24,4169.52,9.6716,binance
2026-07-04 16:00,4169.51,4169.77,4168.54,4168.55,7.4248,binance
2026-07-04 16:30,4168.54,4168.55,4167.26,4167.26,8.5324,binance
2026-07-04 17:00,4167.26,4168.51,4165.03,4168.51,11.3774,binance
2026-07-04 17:30,4168.51,4171.88,4168.5,4171.14,22.2537,binance
2026-07-04 18:00,4171.15,4171.4,4169.22,4169.23,8.081,binance
2026-07-04 18:30,4169.23,4169.23,4163.28,4165.2,31.6733,binance
2026-07-04 19:00,4165.21,4167.01,4163.31,4165.84,23.7674,binance
2026-07-04 19:30,4165.83,4166.61,4164.51,4164.72,16.8449,binance
2026-07-04 20:00,4164.73,4166.81,4164.72,4165.54,9.6799,binance
2026-07-04 20:30,4165.54,4166.44,4165.54,4166.43,8.177,binance
2026-07-04 21:00,4166.44,4167.25,4165.41,4167.25,15.7517,binance
2026-07-04 21:30,4167.26,4167.8,4166.58,4167.77,7.6015,binance
2026-07-04 22:00,4167.77,4168.4,4167.16,4167.61,9.2241,binance
2026-07-04 22:30,4167.61,4167.74,4167.6,4167.74,2.2979,binance
2026-07-04 23:00,4167.73,4168.29,4165.8,4168.29,5.9244,binance
2026-07-04 23:30,4168.29,4168.39,4168.0,4168.0,3.598,binance
2026-07-05 00:00,4168.01,4168.01,4167.3,4167.31,2.0728,binance
2026-07-05 00:30,4167.31,4167.31,4165.36,4165.36,7.1423,binance
2026-07-05 01:00,4165.35,4168.27,4165.35,4168.16,9.4458,binance
2026-07-05 01:30,4168.16,4168.17,4167.85,4167.92,5.4568,binance
2026-07-05 02:00,4167.92,4167.92,4164.91,4164.91,10.2678,binance
2026-07-05 02:30,4164.91,4164.92,4163.51,4164.03,15.2446,binance
2026-07-05 03:00,4164.04,4165.65,4164.03,4165.53,3.6375,binance
2026-07-05 03:30,4165.24,4165.24,4164.29,4164.32,8.3543,binance
2026-07-05 04:00,4164.33,4165.23,4164.32,4165.22,4.6128,binance
2026-07-05 04:30,4165.23,4166.29,4165.22,4166.28,5.5456,binance
2026-07-05 05:00,4166.29,4166.29,4165.74,4165.74,3.4237,binance
2026-07-05 05:30,4165.74,4166.28,4165.43,4165.43,3.8874,binance
2026-07-05 06:00,4165.44,4167.09,4165.43,4167.09,9.1219,binance
2026-07-05 06:30,4167.09,4167.09,4166.91,4166.91,8.9645,binance
2026-07-05 07:00,4166.91,4166.92,4166.28,4166.28,4.8351,binance
2026-07-05 07:30,4166.28,4166.71,4165.32,4166.71,3.4939,binance
2026-07-05 08:00,4166.71,4167.02,4166.44,4167.01,8.04,binance
2026-07-05 08:30,4167.01,4167.59,4167.01,4167.39,4.9501,binance
2026-07-05 09:00,4167.4,4167.4,4167.1,4167.19,4.6914,binance
2026-07-05 09:30,4167.18,4167.18,4166.18,4166.41,12.1234,binance
2026-07-05 10:00,4166.41,4168.98,4166.41,4168.11,8.6399,binance
2026-07-05 10:30,4168.1,4168.85,4168.02,4168.44,12.8816,binance
2026-07-05 11:00,4168.45,4168.92,4168.45,4168.68,2.4787,binance
2026-07-05 11:30,4168.68,4170.95,4168.67,4170.94,9.5449,binance
2026-07-05 12:00,4170.95,4170.95,4169.72,4169.74,8.715,binance
2026-07-05 12:30,4169.73,4169.74,4169.73,4169.74,2.0415,binance
2026-07-05 13:00,4169.74,4169.93,4169.71,4169.71,7.0707,binance
2026-07-05 13:30,4169.71,4169.72,4168.11,4168.12,5.8543,binance
2026-07-05 14:00,4168.12,4168.74,4167.36,4168.72,9.1389,binance
2026-07-05 14:30,4168.72,4168.72,4168.5,4168.51,16.0407,binance
2026-07-05 15:00,4168.51,4170.3,4168.5,4169.94,12.3925,binance
2026-07-05 15:30,4169.94,4169.94,4168.02,4168.03,11.0533,binance
2026-07-05 16:00,4168.03,4168.07,4167.52,4167.61,6.3039,binance
2026-07-05 16:30,4167.62,4168.71,4167.61,4168.7,7.9129,binance
2026-07-05 17:00,4168.71,4170.0,4168.68,4170.0,20.8966,binance
2026-07-05 17:30,4170.0,4170.85,4169.32,4169.32,10.6691,binance
2026-07-05 18:00,4169.33,4169.33,4168.91,4168.92,2.0561,binance
2026-07-05 18:30,4168.92,4170.04,4168.91,4169.77,8.9022,binance
2026-07-05 19:00,4169.78,4170.18,4169.77,4169.97,5.7656,binance
2026-07-05 19:30,4169.96,4170.56,4169.96,4170.32,3.9457,binance
2026-07-05 20:00,4170.32,4181.04,4170.31,4174.38,213.5471,binance
2026-07-05 20:30,4174.38,4174.82,4174.37,4174.82,6.3342,binance
2026-07-05 21:00,4174.82,4176.26,4174.81,4175.72,22.8856,binance
2026-07-05 21:30,4175.72,4180.54,4174.01,4178.31,33.3458,binance
2026-07-05 22:00,4178.31,4181.86,4170.24,4180.71,185.0271,binance
2026-07-05 22:30,4180.7,4186.18,4178.79,4183.54,34.51,binance
2026-07-05 23:00,4183.55,4196.06,4182.11,4195.25,105.1093,binance
2026-07-05 23:30,4195.0,4195.38,4173.42,4179.65,77.5085,binance
2026-07-06 00:00,4178.41,4180.98,4166.45,4170.12,56.8572,binance
2026-07-06 00:30,4169.67,4184.09,4169.67,4175.68,44.8491,binance
2026-07-06 01:00,4174.59,4187.64,4168.68,4184.88,60.0193,binance
2026-07-06 01:30,4184.89,4197.02,4180.99,4180.99,49.7405,binance
2026-07-06 02:00,4180.73,4182.18,4171.46,4172.51,39.0462,binance
2026-07-06 02:30,4172.97,4173.54,4164.95,4170.04,44.2117,binance
2026-07-06 03:00,4169.48,4171.35,4158.95,4161.94,41.332,binance
2026-07-06 03:30,4161.92,4164.56,4155.55,4160.56,21.7154,binance
2026-07-06 04:00,4160.57,4160.57,4153.08,4157.64,248.1647,binance
2026-07-06 04:30,4157.02,4157.65,4152.94,4155.29,29.0356,binance
2026-07-06 05:00,4155.3,4155.88,4145.89,4147.38,48.1043,binance
2026-07-06 05:30,4147.38,4154.11,4139.1,4141.78,230.7177,binance
2026-07-06 06:00,4141.91,4151.04,4140.04,4150.8,39.7601,binance
2026-07-06 06:30,4150.63,4153.77,4144.6,4145.64,33.4415,binance
2026-07-06 07:00,4145.64,4149.86,4142.79,4148.37,36.0969,binance
2026-07-06 07:30,4148.37,4160.39,4147.07,4159.41,35.6112,binance
2026-07-06 08:00,4159.41,4165.87,4149.55,4150.42,256.715,binance
2026-07-06 08:30,4150.43,4150.86,4143.07,4146.43,58.0361,binance
2026-07-06 09:00,4146.42,4146.42,4138.52,4139.2,29.062,binance
2026-07-06 09:30,4139.64,4140.92,4133.46,4139.88,38.8182,binance
2026-07-06 10:00,4139.89,4146.1,4138.27,4144.75,11.5597,binance
2026-07-06 10:30,4144.74,4151.14,4144.74,4150.4,32.883,binance
2026-07-06 11:00,4150.69,4155.0,4147.65,4151.68,30.8969,binance
2026-07-06 11:30,4151.68,4153.92,4147.64,4150.22,26.4815,binance
2026-07-06 12:00,4150.22,4153.47,4141.0,4141.35,73.2968,binance
2026-07-06 12:30,4141.35,4141.35,4127.4,4136.72,65.0483,binance
2026-07-06 13:00,4136.72,4144.57,4133.79,4138.83,107.3308,binance
2026-07-06 13:30,4138.39,4146.72,4132.9,4136.74,97.65,binance
2026-07-06 14:00,4136.74,4142.76,4129.17,4132.79,85.3812,binance
2026-07-06 14:30,4132.78,4137.29,4125.04,4134.23,46.6166,binance
2026-07-06 15:00,4134.72,4146.25,4134.58,4146.24,54.5273,binance
2026-07-06 15:30,4146.31,4147.7,4141.77,4144.73,31.2518,binance
2026-07-06 16:00,4144.46,4144.46,4137.49,4142.36,69.5946,binance
2026-07-06 16:30,4142.46,4152.81,4142.46,4152.39,16.2227,binance
2026-07-06 17:00,4152.38,4155.7,4148.16,4152.74,28.4788,binance
2026-07-06 17:30,4152.89,4157.98,4152.67,4157.53,20.7326,binance
2026-07-06 18:00,4157.97,4159.58,4152.69,4158.13,18.3415,binance
2026-07-06 18:30,4158.12,4163.93,4157.42,4160.4,16.9531,binance
2026-07-06 19:00,4160.81,4162.25,4155.45,4159.94,14.2951,binance
2026-07-06 19:30,4159.93,4160.81,4157.15,4159.5,21.4812,binance
2026-07-06 20:00,4159.53,4160.35,4158.37,4159.27,10.0442,binance
2026-07-06 20:30,4159.27,4160.82,4159.27,4160.82,18.5625,binance
2026-07-06 21:00,4160.81,4168.17,4160.0,4163.72,15.5897,binance
2026-07-06 21:30,4163.72,4163.72,4159.05,4162.14,19.3419,binance
2026-07-06 22:00,4162.15,4162.62,4158.94,4160.54,19.4216,binance
2026-07-06 22:30,4160.84,4162.93,4159.53,4159.53,10.392,binance
2026-07-06 23:00,4159.53,4160.41,4158.15,4158.15,7.9756,binance
2026-07-06 23:30,4158.15,4159.29,4152.02,4152.03,26.8727,binance
2026-07-07 00:00,4152.02,4154.45,4147.01,4153.09,35.6399,binance
2026-07-07 00:30,4154.45,4156.98,4141.16,4141.16,47.0143,binance
2026-07-07 01:00,4141.0,4142.97,4123.0,4129.03,46.5713,binance
2026-07-07 01:30,4129.03,4141.16,4129.03,4136.57,31.4676,binance
2026-07-07 02:00,4137.58,4139.87,4134.84,4137.77,26.7057,binance
2026-07-07 02:30,4137.5,4140.02,4127.36,4131.48,25.3697,binance
2026-07-07 03:00,4132.67,4134.71,4124.83,4127.92,50.0618,binance
2026-07-07 03:30,4127.92,4129.93,4121.33,4127.03,43.9853,binance
2026-07-07 04:00,4127.03,4135.89,4125.98,4128.31,50.5134,binance
2026-07-07 04:30,4128.32,4128.32,4122.61,4122.88,37.0175,binance
2026-07-07 05:00,4122.88,4126.35,4117.86,4124.07,62.0436,binance
2026-07-07 05:30,4124.07,4124.07,4114.29,4119.31,87.0187,binance
2026-07-07 06:00,4119.69,4126.44,4118.71,4125.32,50.3849,binance
2026-07-07 06:30,4124.08,4129.73,4122.87,4126.91,42.2983,binance
2026-07-07 07:00,4127.54,4128.2,4121.8,4124.93,23.7033,binance
2026-07-07 07:30,4124.05,4129.5,4122.27,4122.91,47.2325,binance
2026-07-07 08:00,4122.7,4135.72,4122.43,4134.64,25.4421,binance
2026-07-07 08:30,4134.64,4135.12,4120.48,4123.56,50.0086,binance
2026-07-07 09:00,4123.57,4127.94,4118.12,4118.97,26.1117,binance
2026-07-07 09:30,4118.97,4129.73,4118.97,4128.73,33.968,binance
2026-07-07 10:00,4128.73,4135.44,4128.73,4134.45,103.7295,binance
2026-07-07 10:30,4134.46,4134.46,4130.11,4130.99,29.6106,binance
2026-07-07 11:00,4131.61,4141.03,4128.06,4139.74,77.5184,binance
2026-07-07 11:30,4139.74,4153.83,4136.2,4152.26,65.1684,binance
2026-07-07 12:00,4152.66,4170.32,4151.03,4161.18,114.7556,binance
2026-07-07 12:30,4161.19,4167.61,4157.36,4167.57,61.9352,binance
2026-07-07 13:00,4167.62,4173.18,4156.65,4160.87,92.4651,binance
2026-07-07 13:30,4160.39,4174.81,4151.66,4153.75,120.7016,binance
2026-07-07 14:00,4154.3,4158.41,4146.0,4151.44,71.5727,binance
2026-07-07 14:30,4152.03,4153.54,4138.08,4149.89,96.6513,binance
2026-07-07 15:00,4149.9,4150.98,4136.46,4137.71,60.0117,binance
2026-07-07 15:30,4138.29,4142.98,4131.59,4134.53,333.6705,binance
2026-07-07 16:00,4135.19,4142.46,4133.3,4142.46,51.5698,binance
2026-07-07 16:30,4142.45,4142.45,4136.87,4140.1,50.9934,binance
2026-07-07 17:00,4140.15,4142.08,4135.77,4141.79,31.8216,binance
2026-07-07 17:30,4141.91,4143.84,4139.03,4140.15,17.9598,binance
2026-07-07 18:00,4140.16,4140.59,4136.26,4138.2,17.7258,binance
2026-07-07 18:30,4137.72,4137.72,4121.04,4121.83,57.5074,binance
2026-07-07 19:00,4122.53,4123.35,4089.37,4100.16,211.3723,binance
2026-07-07 19:30,4100.17,4112.3,4096.45,4109.48,712.6743,binance
2026-07-07 20:00,4109.81,4111.05,4103.49,4106.48,57.221,binance
2026-07-07 20:30,4107.48,4107.48,4100.65,4102.77,21.4529,binance
2026-07-07 21:00,4102.76,4103.72,4100.97,4103.65,24.9211,binance
2026-07-07 21:30,4103.64,4104.74,4101.73,4103.92,10.9191,binance
2026-07-07 22:00,4103.92,4103.92,4089.0,4095.01,90.5771,binance
2026-07-07 22:30,4095.0,4097.79,4093.14,4095.48,28.591,binance
2026-07-07 23:00,4095.45,4102.71,4093.19,4102.49,75.891,binance
2026-07-07 23:30,4102.48,4102.68,4092.93,4094.25,33.8414,binance
2026-07-08 00:00,4095.03,4105.0,4094.14,4102.03,35.477,binance
2026-07-08 00:30,4102.1,4122.6,4101.62,4109.59,45.1869,binance
2026-07-08 01:00,4109.5,4114.01,4096.19,4099.76,44.9405,binance
2026-07-08 01:30,4099.77,4108.43,4092.66,4107.38,77.7615,binance
2026-07-08 02:00,4107.39,4120.51,4102.23,4115.23,81.1938,binance
2026-07-08 02:30,4115.22,4116.35,4109.38,4110.93,60.2399,binance
2026-07-08 03:00,4110.32,4126.67,4110.32,4126.09,50.4828,binance
2026-07-08 03:30,4126.09,4127.43,4118.91,4119.07,24.2144,binance
2026-07-08 04:00,4119.57,4123.27,4113.0,4120.71,259.4533,binance
2026-07-08 04:30,4121.69,4123.31,4117.61,4120.48,22.282,binance
2026-07-08 05:00,4120.49,4129.03,4118.2,4118.2,41.4389,binance
2026-07-08 05:30,4118.0,4126.54,4116.94,4123.12,62.4366,binance
2026-07-08 06:00,4123.78,4129.03,4118.51,4126.35,29.6301,binance
2026-07-08 06:30,4126.27,4126.27,4120.21,4120.21,18.0096,binance
2026-07-08 07:00,4120.0,4120.88,4111.0,4115.59,26.506,binance
2026-07-08 07:30,4116.24,4122.97,4114.33,4117.31,18.4184,binance
2026-07-08 08:00,4116.22,4117.28,4078.47,4085.18,204.5144,binance
2026-07-08 08:30,4085.12,4088.57,4050.02,4054.67,152.7073,binance
2026-07-08 09:00,4054.08,4059.05,4048.28,4055.06,152.4136,binance
2026-07-08 09:30,4055.05,4056.64,4041.0,4042.4,126.3112,binance
2026-07-08 10:00,4042.09,4053.03,4039.01,4049.53,129.2021,binance
2026-07-08 10:30,4049.52,4056.88,4049.23,4052.88,36.6709,binance
2026-07-08 11:00,4052.88,4055.45,4046.84,4049.03,37.5511,binance
2026-07-08 11:30,4049.03,4070.74,4041.01,4059.3,94.4222,binance
2026-07-08 12:00,4060.65,4075.0,4057.28,4070.09,42.231,binance
2026-07-08 12:30,4069.9,4082.66,4066.44,4068.71,75.8813,binance
2026-07-08 13:00,4069.56,4080.0,4063.56,4064.61,46.853,binance
2026-07-08 13:30,4064.57,4077.21,4064.57,4068.0,47.3767,binance
2026-07-08 14:00,4068.68,4068.68,4050.22,4058.51,74.2993,binance
2026-07-08 14:30,4058.23,4058.62,4033.0,4039.37,96.3782,binance
2026-07-08 15:00,4040.2,4041.32,4026.03,4030.43,95.2819,binance
2026-07-08 15:30,4029.95,4037.18,4021.15,4033.72,77.8173,binance
2026-07-08 16:00,4034.03,4043.48,4033.04,4042.61,47.9655,binance
2026-07-08 16:30,4042.61,4061.79,4038.59,4061.79,58.7771,binance
2026-07-08 17:00,4061.88,4070.41,4058.87,4069.31,37.1216,binance
2026-07-08 17:30,4070.44,4072.53,4061.67,4062.8,28.3963,binance
2026-07-08 18:00,4062.8,4072.57,4061.1,4067.3,26.5778,binance
2026-07-08 18:30,4067.29,4086.72,4064.62,4080.77,75.0418,binance
2026-07-08 19:00,4081.0,4086.73,4081.0,4083.25,26.7412,binance
2026-07-08 19:30,4084.68,4086.38,4074.64,4075.69,69.177,binance
2026-07-08 20:00,4076.08,4078.16,4070.61,4070.78,32.8513,binance
2026-07-08 20:30,4071.52,4075.73,4068.4,4072.43,40.6186,binance
2026-07-08 21:00,4073.01,4073.51,4071.27,4071.28,7.8604,binance
2026-07-08 21:30,4071.27,4076.92,4070.82,4075.5,9.1162,binance
2026-07-08 22:00,4075.49,4076.33,4069.08,4070.52,47.3787,binance
2026-07-08 22:30,4070.52,4075.43,4070.45,4072.92,15.4639,binance
2026-07-08 23:00,4072.91,4073.66,4070.58,4073.66,16.7107,binance
2026-07-08 23:30,4073.65,4073.76,4068.78,4073.01,22.3515,binance
2026-07-09 00:00,4073.01,4085.0,4070.74,4073.56,31.8295,binance
2026-07-09 00:30,4074.97,4077.08,4066.71,4068.32,65.7568,binance
2026-07-09 01:00,4068.44,4073.12,4061.78,4063.91,60.6451,binance
2026-07-09 01:30,4063.7,4071.48,4060.0,4067.54,44.8604,binance
2026-07-09 02:00,4069.0,4077.91,4068.32,4075.7,16.4979,binance
2026-07-09 02:30,4075.95,4075.95,4060.69,4060.7,19.5485,binance
2026-07-09 03:00,4060.97,4063.3,4051.62,4056.15,25.8313,binance
2026-07-09 03:30,4054.47,4060.47,4053.6,4060.47,26.9314,binance
2026-07-09 04:00,4060.47,4060.99,4055.29,4055.61,12.54,binance
2026-07-09 04:30,4055.62,4061.34,4055.02,4061.08,16.7526,binance
2026-07-09 05:00,4061.85,4072.19,4061.55,4067.81,90.717,binance
2026-07-09 05:30,4067.97,4081.09,4062.32,4078.65,36.1681,binance
2026-07-09 06:00,4079.09,4098.32,4079.09,4097.11,97.9801,binance
2026-07-09 06:30,4096.82,4102.66,4092.37,4102.66,68.062,binance
2026-07-09 07:00,4102.66,4105.62,4097.16,4104.11,49.4585,binance
2026-07-09 07:30,4104.11,4105.88,4099.57,4103.37,25.3193,binance
2026-07-09 08:00,4103.38,4111.87,4100.19,4109.89,73.2866,binance
2026-07-09 08:30,4109.75,4111.22,4102.75,4103.63,35.4306,binance
2026-07-09 09:00,4103.63,4107.09,4101.38,4103.14,31.7244,binance
2026-07-09 09:30,4103.3,4104.55,4098.09,4100.22,36.2988,binance
2026-07-09 10:00,4100.81,4104.24,4098.51,4098.51,17.4866,binance
2026-07-09 10:30,4098.66,4099.1,4088.78,4093.5,154.5932,binance
2026-07-09 11:00,4093.59,4101.22,4093.19,4095.38,46.0433,binance
2026-07-09 11:30,4095.39,4105.37,4094.65,4103.15,87.225,binance
2026-07-09 12:00,4103.39,4114.36,4101.22,4102.61,48.7532,binance
2026-07-09 12:30,4102.6,4117.13,4101.92,4102.16,62.9218,binance
2026-07-09 13:00,4102.16,4120.64,4101.85,4120.24,55.7852,binance
2026-07-09 13:30,4120.24,4123.07,4112.97,4115.31,66.8304,binance
2026-07-09 14:00,4115.31,4131.28,4108.24,4118.4,82.484,binance
2026-07-09 14:30,4118.41,4122.23,4112.02,4121.87,90.4454,binance
2026-07-09 15:00,4121.87,4124.54,4119.01,4121.1,38.7739,binance
2026-07-09 15:30,4121.1,4126.64,4120.41,4121.95,28.1677,binance
2026-07-09 16:00,4120.96,4126.29,4120.53,4125.39,32.5373,binance
2026-07-09 16:30,4125.39,4130.58,4121.48,4121.48,35.0862,binance
2026-07-09 17:00,4121.28,4124.81,4118.74,4124.8,16.5955,binance
2026-07-09 17:30,4125.17,4130.41,4122.47,4129.35,18.8135,binance
2026-07-09 18:00,4129.35,4129.35,4116.94,4117.78,16.5717,binance
2026-07-09 18:30,4117.81,4118.52,4116.19,4118.52,8.8478,binance
2026-07-09 19:00,4118.48,4120.0,4115.03,4115.19,55.841,binance
2026-07-09 19:30,4115.19,4117.68,4113.96,4116.27,20.9687,binance
2026-07-09 20:00,4117.28,4117.95,4115.27,4116.07,3.3569,binance
2026-07-09 20:30,4116.06,4119.22,4116.05,4118.72,11.0525,binance
2026-07-09 21:00,4118.72,4119.32,4116.15,4119.18,11.757,binance
2026-07-09 21:30,4119.19,4121.53,4119.19,4120.15,5.9207,binance
2026-07-09 22:00,4120.15,4121.56,4117.55,4118.34,14.5557,binance
2026-07-09 22:30,4118.15,4118.66,4116.41,4116.82,7.6496,binance
2026-07-09 23:00,4116.67,4118.57,4116.27,4117.4,24.5182,binance
2026-07-09 23:30,4117.4,4118.06,4116.25,4117.45,11.0803,binance
2026-07-10 00:00,4117.81,4118.92,4111.39,4112.96,44.8497,binance
2026-07-10 00:30,4112.96,4121.89,4109.11,4120.06,47.5828,binance
2026-07-10 01:00,4120.07,4123.68,4113.55,4115.63,34.5686,binance
2026-07-10 01:30,4115.64,4117.54,4104.12,4112.16,56.3295,binance
2026-07-10 02:00,4111.33,4122.14,4110.99,4119.67,32.7852,binance
2026-07-10 02:30,4119.63,4122.74,4116.71,4121.15,17.4046,binance
2026-07-10 03:00,4121.81,4128.12,4115.04,4119.73,28.3675,binance
2026-07-10 03:30,4118.2,4121.35,4114.23,4114.44,14.6912,binance
2026-07-10 04:00,4114.22,4115.77,4107.76,4111.0,24.9836,binance
2026-07-10 04:30,4111.8,4113.76,4108.88,4108.89,19.6849,binance
2026-07-10 05:00,4109.34,4111.24,4107.67,4108.52,19.9348,binance
2026-07-10 05:30,4108.06,4110.65,4103.01,4110.54,66.7851,binance
2026-07-10 06:00,4110.8,4114.33,4109.06,4109.79,35.6266,binance
2026-07-10 06:30,4109.79,4110.04,4106.27,4107.27,23.3869,binance
2026-07-10 07:00,4107.26,4109.58,4104.24,4107.27,24.2967,binance
2026-07-10 07:30,4106.74,4107.66,4095.49,4099.84,219.9759,binance
2026-07-10 08:00,4099.84,4101.48,4095.62,4097.19,52.7291,binance
2026-07-10 08:30,4097.19,4098.07,4089.36,4091.11,56.1827,binance
2026-07-10 09:00,4091.1,4096.96,4088.17,4096.56,31.8113,binance
2026-07-10 09:30,4096.76,4099.02,4093.14,4098.76,23.3303,binance
2026-07-10 10:00,4098.76,4105.94,4098.76,4103.31,59.1695,binance
2026-07-10 10:30,4103.32,4104.05,4098.01,4098.33,79.0726,binance
2026-07-10 11:00,4098.33,4101.75,4095.0,4095.0,71.7386,binance
2026-07-10 11:30,4094.51,4101.74,4091.04,4097.16,55.4951,binance
2026-07-10 12:00,4097.17,4111.05,4095.88,4100.43,161.6575,binance
2026-07-10 12:30,4101.0,4101.47,4093.16,4096.43,59.2583,binance
2026-07-10 13:00,4096.1,4100.17,4080.82,4082.58,152.2653,binance
2026-07-10 13:30,4082.69,4099.45,4082.69,4096.03,59.7709,binance
2026-07-10 14:00,4096.03,4104.21,4093.92,4102.24,50.519,binance
2026-07-10 14:30,4101.88,4103.71,4070.1,4088.64,168.096,binance
2026-07-10 15:00,4089.48,4102.68,4088.23,4097.38,29.3407,binance
2026-07-10 15:30,4097.79,4107.93,4097.5,4107.28,49.9018,binance
2026-07-10 16:00,4107.56,4109.09,4101.5,4107.98,57.2658,binance
2026-07-10 16:30,4108.36,4109.5,4100.0,4100.0,29.0418,binance
2026-07-10 17:00,4100.0,4104.19,4097.5,4102.78,42.4277,binance
2026-07-10 17:30,4103.72,4103.72,4097.34,4097.34,3.8422,binance
2026-07-10 18:00,4097.35,4102.02,4097.04,4099.8,35.075,binance
2026-07-10 18:30,4099.8,4099.83,4095.7,4097.39,5.5704,binance
2026-07-10 19:00,4097.4,4099.43,4094.5,4098.39,7.9579,binance
2026-07-10 19:30,4097.71,4103.78,4096.97,4103.78,12.0195,binance
2026-07-10 20:00,4104.09,4109.11,4104.09,4107.04,18.6453,binance
2026-07-10 20:30,4107.05,4116.56,4106.63,4115.44,23.3065,binance
2026-07-10 21:00,4115.43,4115.65,4112.83,4115.36,44.973,binance
2026-07-10 21:30,4115.19,4115.61,4113.72,4115.61,7.4719,binance
2026-07-10 22:00,4115.61,4116.65,4115.31,4116.1,5.1548,binance
2026-07-10 22:30,4116.1,4116.1,4113.22,4113.23,9.0756,binance
2026-07-10 23:00,4113.23,4114.62,4113.21,4114.62,5.6873,binance
2026-07-10 23:30,4114.61,4114.62,4113.34,4113.34,6.6742,binance
2026-07-11 00:00,4113.34,4115.23,4113.34,4114.55,11.4388,binance
2026-07-11 00:30,4114.55,4114.96,4113.87,4113.99,4.6225,binance
2026-07-11 01:00,4113.51,4113.73,4113.23,4113.23,1.6525,binance
2026-07-11 01:30,4113.24,4113.24,4110.86,4112.04,13.4496,binance
2026-07-11 02:00,4112.05,4113.19,4111.87,4112.16,3.555,binance
2026-07-11 02:30,4112.16,4112.16,4111.88,4111.88,0.8346,binance
2026-07-11 03:00,4111.89,4111.89,4110.4,4110.4,2.8747,binance
2026-07-11 03:30,4110.4,4110.78,4110.4,4110.78,2.2004,binance
2026-07-11 04:00,4110.78,4111.52,4110.77,4111.51,5.3491,binance
2026-07-11 04:30,4111.51,4111.88,4111.5,4111.87,2.0079,binance
2026-07-11 05:00,4111.88,4111.88,4111.87,4111.88,1.8863,binance
2026-07-11 05:30,4111.88,4113.6,4111.88,4113.47,5.6411,binance
2026-07-11 06:00,4113.47,4113.47,4112.45,4112.46,1.9576,binance
2026-07-11 06:30,4112.46,4113.59,4112.45,4113.59,4.4508,binance
2026-07-11 07:00,4113.59,4113.59,4113.19,4113.2,2.0254,binance
2026-07-11 07:30,4113.19,4113.53,4112.08,4113.53,5.1031,binance
2026-07-11 08:00,4113.53,4113.96,4113.52,4113.95,2.8709,binance
2026-07-11 08:30,4113.96,4113.96,4113.92,4113.93,4.7713,binance
2026-07-11 09:00,4113.93,4114.12,4113.93,4114.08,6.7117,binance
2026-07-11 09:30,4114.08,4116.02,4114.0,4115.22,13.7549,binance
2026-07-11 10:00,4115.21,4115.22,4114.55,4114.55,1.9536,binance
2026-07-11 10:30,4114.56,4114.56,4114.19,4114.19,3.5581,binance
2026-07-11 11:00,4114.2,4114.2,4114.0,4114.2,4.4697,binance
2026-07-11 11:30,4114.19,4114.2,4113.64,4113.83,11.7302,binance
2026-07-11 12:00,4113.83,4114.16,4111.87,4112.85,8.307,binance
2026-07-11 12:30,4112.86,4112.86,4112.25,4112.26,4.4492,binance
2026-07-11 13:00,4112.26,4114.62,4111.87,4113.86,20.2903,binance
2026-07-11 13:30,4113.87,4114.6,4113.71,4113.71,4.7773,binance
2026-07-11 14:00,4113.72,4113.72,4113.57,4113.58,3.8657,binance
2026-07-11 14:30,4113.57,4115.49,4113.57,4114.36,8.0767,binance
2026-07-11 15:00,4114.36,4114.36,4106.03,4108.68,103.383,binance
2026-07-11 15:30,4108.67,4108.68,4104.43,4105.95,24.8775,binance
2026-07-11 16:00,4105.95,4106.81,4105.95,4106.8,4.002,binance
2026-07-11 16:30,4106.81,4108.58,4106.81,4108.27,7.8932,binance
2026-07-11 17:00,4108.27,4108.54,4108.26,4108.54,3.2697,binance
2026-07-11 17:30,4108.54,4109.43,4108.3,4108.96,17.2944,binance
2026-07-11 18:00,4108.97,4108.97,4106.68,4106.69,10.0119,binance
2026-07-11 18:30,4106.69,4106.69,4106.48,4106.68,2.701,binance
2026-07-11 19:00,4106.69,4106.69,4106.68,4106.69,0.7569,binance
2026-07-11 19:30,4106.69,4106.69,4106.68,4106.68,0.903,binance
2026-07-11 20:00,4106.69,4106.69,4106.68,4106.69,0.6931,binance
2026-07-11 20:30,4106.68,4107.92,4106.68,4107.83,4.3854,binance
2026-07-11 21:00,4107.83,4107.83,4102.39,4103.1,21.2913,binance
2026-07-11 21:30,4103.1,4103.1,4102.36,4102.72,6.7004,binance
2026-07-11 22:00,4102.72,4103.04,4102.13,4102.14,5.6198,binance
2026-07-11 22:30,4102.13,4103.1,4102.13,4103.04,2.4539,binance
2026-07-11 23:00,4103.04,4103.06,4102.0,4102.0,15.7607,binance
2026-07-11 23:30,4102.0,4102.87,4100.4,4102.09,38.4306,binance
2026-07-12 00:00,4102.1,4102.73,4100.63,4101.11,41.0791,binance
2026-07-12 00:30,4101.11,4101.11,4099.45,4099.46,15.0383,binance
2026-07-12 01:00,4099.45,4101.98,4099.45,4101.85,9.5523,binance
2026-07-12 01:30,4101.85,4101.98,4100.56,4100.74,11.3713,binance
2026-07-12 02:00,4100.73,4100.74,4100.73,4100.73,3.0343,binance
2026-07-12 02:30,4100.73,4102.75,4100.36,4102.75,6.7498,binance
2026-07-12 03:00,4102.75,4102.75,4102.43,4102.68,4.3462,binance
2026-07-12 03:30,4102.69,4102.75,4102.64,4102.74,3.24,binance
2026-07-12 04:00,4102.75,4103.1,4102.74,4103.09,3.6698,binance
2026-07-12 04:30,4103.1,4103.1,4103.09,4103.09,1.1849,binance
2026-07-12 05:00,4103.1,4103.1,4101.45,4101.45,17.9909,binance
2026-07-12 05:30,4101.04,4101.24,4100.81,4101.21,4.4327,binance
2026-07-12 06:00,4101.22,4101.22,4099.65,4099.65,7.3758,binance
2026-07-12 06:30,4099.65,4099.65,4099.64,4099.64,3.1673,binance
2026-07-12 07:00,4099.65,4099.67,4099.64,4099.67,4.256,binance
2026-07-12 07:30,4099.67,4099.68,4099.67,4099.67,1.8587,binance
2026-07-12 08:00,4099.67,4099.68,4099.63,4099.64,4.1392,binance
2026-07-12 08:30,4099.64,4099.64,4099.63,4099.64,1.4599,binance
2026-07-12 09:00,4099.64,4100.0,4099.63,4100.0,6.7284,binance
2026-07-12 09:30,4100.0,4100.28,4099.65,4100.2,11.7138,binance
2026-07-12 10:00,4100.21,4100.66,4099.82,4100.57,10.6164,binance
2026-07-12 10:30,4100.58,4101.05,4100.41,4101.05,11.6345,binance
2026-07-12 11:00,4101.05,4101.17,4101.04,4101.17,1.4298,binance
2026-07-12 11:30,4101.17,4101.17,4099.59,4099.59,17.0181,binance
2026-07-12 12:00,4099.6,4099.6,4098.18,4098.63,47.7875,binance
2026-07-12 12:30,4098.64,4098.64,4098.1,4098.33,8.5919,binance
2026-07-12 13:00,4098.34,4098.34,4097.39,4097.93,7.2594,binance
2026-07-12 13:30,4097.92,4097.93,4096.97,4096.97,2.4947,binance
2026-07-12 14:00,4096.98,4097.46,4096.98,4097.45,3.5893,binance
2026-07-12 14:30,4097.45,4098.04,4094.82,4098.04,42.8153,binance
2026-07-12 15:00,4098.04,4101.35,4098.03,4101.07,14.4097,binance
2026-07-12 15:30,4101.07,4101.32,4100.15,4100.72,16.4138,binance
2026-07-12 16:00,4100.72,4100.73,4100.09,4100.09,4.5563,binance
2026-07-12 16:30,4100.1,4100.1,4099.32,4099.32,4.0994,binance
2026-07-12 17:00,4099.33,4099.33,4097.84,4097.84,2.7548,binance
2026-07-12 17:30,4097.84,4097.85,4096.44,4096.45,11.2179,binance
2026-07-12 18:00,4096.45,4096.45,4095.91,4095.91,2.4303,binance
2026-07-12 18:30,4095.91,4096.43,4095.75,4095.76,2.8803,binance
2026-07-12 19:00,4095.76,4096.43,4095.75,4096.43,3.8532,binance
2026-07-12 19:30,4096.42,4096.52,4096.42,4096.52,2.2986,binance
2026-07-12 20:00,4096.51,4097.52,4096.02,4097.14,11.25,binance
2026-07-12 20:30,4097.14,4099.47,4097.14,4099.47,6.9953,binance
2026-07-12 21:00,4099.47,4099.6,4099.26,4099.33,3.5735,binance
2026-07-12 21:30,4099.34,4099.34,4095.28,4095.77,78.4306,binance
2026-07-12 22:00,4095.76,4098.58,4077.46,4080.24,182.526,binance
2026-07-12 22:30,4080.23,4081.82,4068.31,4073.94,54.4824,binance
2026-07-12 23:00,4072.88,4072.88,4066.05,4071.45,24.3096,binance
2026-07-12 23:30,4071.45,4080.47,4070.23,4080.47,83.8664,binance
2026-07-13 00:00,4080.48,4086.66,4072.28,4072.28,39.8713,binance
2026-07-13 00:30,4072.28,4074.0,4059.51,4071.2,42.1809,binance
2026-07-13 01:00,4071.16,4077.16,4063.51,4074.19,42.9528,binance
2026-07-13 01:30,4074.6,4083.38,4064.88,4068.55,55.0209,binance
2026-07-13 02:00,4068.52,4070.44,4063.12,4063.73,44.8584,binance
2026-07-13 02:30,4063.73,4073.14,4061.61,4065.12,38.7699,binance
2026-07-13 03:00,4064.56,4064.95,4050.0,4058.16,87.9803,binance
2026-07-13 03:30,4058.15,4058.15,4053.06,4056.12,28.0279,binance
2026-07-13 04:00,4055.32,4055.92,4047.81,4051.11,67.8255,binance
2026-07-13 04:30,4052.46,4055.5,4048.88,4055.44,44.3343,binance
2026-07-13 05:00,4055.43,4068.39,4051.94,4054.56,27.6173,binance
2026-07-13 05:30,4054.55,4061.58,4048.99,4050.23,30.7567,binance
2026-07-13 06:00,4051.46,4057.52,4040.99,4057.52,39.5124,binance
2026-07-13 06:30,4057.11,4059.61,4049.55,4050.71,12.9182,binance
2026-07-13 07:00,4052.03,4057.67,4047.06,4055.75,46.4975,binance
2026-07-13 07:30,4056.15,4061.14,4053.82,4061.14,25.2884,binance
2026-07-13 08:00,4061.32,4076.51,4061.32,4070.5,175.9962,binance
2026-07-13 08:30,4070.5,4074.61,4068.69,4071.94,27.0025,binance
2026-07-13 09:00,4071.73,4072.96,4068.86,4070.0,15.5149,binance
2026-07-13 09:30,4070.01,4070.22,4065.67,4065.85,21.28,binance
2026-07-13 10:00,4065.59,4066.91,4061.52,4061.52,27.4391,binance
2026-07-13 10:30,4061.86,4064.48,4045.99,4056.81,92.7016,binance
2026-07-13 11:00,4057.13,4064.07,4055.36,4059.79,24.358,binance
2026-07-13 11:30,4059.62,4064.22,4052.0,4054.5,20.2486,binance
2026-07-13 12:00,4054.39,4059.19,4050.25,4055.17,47.8545,binance
2026-07-13 12:30,4055.17,4062.32,4055.17,4062.32,12.3709,binance
2026-07-13 13:00,4062.84,4062.84,4055.34,4058.85,16.2713,binance
2026-07-13 13:30,4058.75,4060.57,4039.29,4040.11,96.8391,binance
2026-07-13 14:00,4041.04,4043.76,4002.36,4016.26,279.9036,binance
2026-07-13 14:30,4016.63,4017.27,4001.0,4014.37,151.8651,binance
2026-07-13 15:00,4014.88,4018.64,4011.28,4016.46,107.7613,binance
2026-07-13 15:30,4016.46,4017.31,4009.96,4014.88,52.6894,binance
2026-07-13 16:00,4015.26,4016.66,4000.97,4002.69,52.5068,binance
2026-07-13 16:30,4004.0,4004.9,3988.38,3994.54,284.3657,binance
2026-07-13 17:00,3994.56,4002.65,3993.61,3999.69,49.7577,binance
2026-07-13 17:30,4001.02,4001.84,3993.18,3993.18,45.0623,binance
2026-07-13 18:00,3994.13,3997.75,3988.39,3995.99,41.5733,binance
2026-07-13 18:30,3995.75,4005.85,3995.68,4001.74,28.1928,binance
2026-07-13 19:00,4002.31,4005.1,3998.01,3998.89,54.1331,binance
2026-07-13 19:30,3998.99,4003.12,3995.01,4003.12,26.3723,binance
2026-07-13 20:00,4003.12,4006.45,3997.13,4000.19,41.4486,binance
2026-07-13 20:30,4000.18,4002.63,3997.53,4002.57,29.0514,binance
2026-07-13 21:00,4002.25,4002.63,4000.95,4001.13,20.3086,binance
2026-07-13 21:30,4001.13,4005.72,4001.13,4004.5,14.9652,binance
2026-07-13 22:00,4004.49,4005.79,4001.94,4002.84,30.2449,binance
2026-07-13 22:30,4002.75,4003.63,3999.38,3999.38,102.0961,binance
2026-07-13 23:00,3999.38,4001.11,3996.05,3996.05,18.9312,binance
2026-07-13 23:30,3996.06,3998.89,3991.96,3998.89,17.3265,binance
2026-07-14 00:00,3999.12,4002.21,3983.25,3993.21,144.3521,binance
2026-07-14 00:30,3993.41,4005.18,3993.0,4002.43,62.6205,binance
2026-07-14 01:00,4002.44,4003.15,3991.38,3996.23,51.8887,binance
2026-07-14 01:30,3995.39,4009.78,3992.7,4008.8,78.0245,binance
2026-07-14 02:00,4009.04,4016.46,4005.06,4014.64,27.2037,binance
2026-07-14 02:30,4016.23,4016.23,4007.5,4010.29,13.3968,binance
2026-07-14 03:00,4010.33,4015.83,4009.42,4014.68,18.1565,binance
2026-07-14 03:30,4015.0,4016.21,4011.67,4014.11,13.1947,binance
2026-07-14 04:00,4014.24,4016.15,4011.17,4013.91,23.7855,binance
2026-07-14 04:30,4013.91,4020.0,4013.91,4018.99,11.6,binance
2026-07-14 05:00,4018.71,4020.72,4017.32,4020.47,11.3221,binance
2026-07-14 05:30,4020.7,4030.47,4020.7,4028.59,74.6311,binance
2026-07-14 06:00,4028.33,4030.26,4020.4,4020.84,27.598,binance
2026-07-14 06:30,4020.4,4023.31,4018.64,4021.32,57.2533,binance
2026-07-14 07:00,4020.98,4026.27,4018.32,4022.93,83.9685,binance
2026-07-14 07:30,4022.89,4025.43,4017.28,4017.3,87.6154,binance
2026-07-14 08:00,4017.31,4019.63,4012.16,4018.39,88.1308,binance
2026-07-14 08:30,4018.39,4019.84,4012.45,4012.77,99.6649,binance
2026-07-14 09:00,4012.77,4019.99,4010.94,4012.75,68.3704,binance
2026-07-14 09:30,4012.79,4019.61,4011.52,4017.59,67.055,binance
2026-07-14 10:00,4017.6,4018.18,4012.84,4013.97,43.8326,binance
2026-07-14 10:30,4013.97,4019.36,4012.11,4018.88,81.2985,binance
2026-07-14 11:00,4018.88,4024.87,4012.85,4022.26,50.3602,binance
2026-07-14 11:30,4022.4,4027.83,4021.78,4027.43,38.6276,binance
2026-07-14 12:00,4027.43,4031.65,4020.63,4026.17,47.0729,binance
2026-07-14 12:30,4025.61,4097.58,4025.61,4071.58,893.8739,binance
2026-07-14 13:00,4071.59,4079.53,4066.33,4076.22,114.4761,binance
2026-07-14 13:30,4076.22,4081.49,4069.18,4071.06,69.0035,binance
2026-07-14 14:00,4071.07,4078.22,4065.4,4070.02,126.8331,binance
2026-07-14 14:30,4070.41,4082.99,4067.51,4078.94,133.05,binance
2026-07-14 15:00,4078.95,4091.69,4072.66,4077.98,127.8764,binance
2026-07-14 15:30,4077.98,4082.34,4060.69,4061.08,387.005,binance
2026-07-14 16:00,4061.09,4061.25,4051.64,4055.02,62.5261,binance
2026-07-14 16:30,4054.67,4056.49,4051.93,4055.87,34.3862,binance
2026-07-14 17:00,4055.88,4058.23,4048.28,4056.02,46.4175,binance
2026-07-14 17:30,4056.02,4058.34,4053.04,4057.71,17.8175,binance
2026-07-14 18:00,4057.46,4057.52,4051.94,4052.59,21.6936,binance
2026-07-14 18:30,4052.59,4052.6,4038.76,4049.8,102.0012,binance
2026-07-14 19:00,4049.43,4052.34,4047.46,4047.48,13.5276,binance
2026-07-14 19:30,4047.53,4051.73,4043.53,4050.88,34.6864,binance
2026-07-14 20:00,4050.8,4052.35,4047.88,4048.35,67.3911,binance
2026-07-14 20:30,4048.14,4048.35,4044.73,4047.53,50.6646,binance
2026-07-14 21:00,4047.12,4052.01,4047.12,4051.04,68.3454,binance
2026-07-14 21:30,4051.05,4055.46,4051.04,4051.46,48.713,binance
2026-07-14 22:00,4051.47,4051.47,4044.82,4046.98,27.2934,binance
2026-07-14 22:30,4046.97,4048.25,4045.0,4045.0,28.0706,binance
2026-07-14 23:00,4045.0,4049.11,4043.11,4049.11,25.5824,binance
2026-07-14 23:30,4049.42,4050.63,4047.22,4048.07,10.5731,binance
2026-07-15 00:00,4048.26,4053.75,4047.01,4053.75,15.643,binance
2026-07-15 00:30,4054.04,4055.93,4048.88,4055.39,26.809,binance
2026-07-15 01:00,4054.85,4057.68,4048.85,4049.93,30.8192,binance
2026-07-15 01:30,4049.93,4049.93,4032.57,4033.73,56.6404,binance
2026-07-15 02:00,4033.73,4038.08,4025.64,4028.29,66.8506,binance
2026-07-15 02:30,4028.29,4038.03,4028.29,4032.48,48.3586,binance
2026-07-15 03:00,4031.68,4035.98,4026.82,4026.82,7.4706,binance
2026-07-15 03:30,4026.83,4031.33,4024.65,4028.16,20.0235,binance
2026-07-15 04:00,4027.96,4031.0,4027.01,4029.97,25.1912,binance
2026-07-15 04:30,4029.82,4030.99,4025.26,4029.43,33.8074,binance
2026-07-15 05:00,4029.43,4031.91,4020.8,4021.13,51.0307,binance
2026-07-15 05:30,4021.34,4033.03,4017.99,4031.2,79.9747,binance
2026-07-15 06:00,4031.2,4032.02,4018.2,4023.02,52.5807,binance
2026-07-15 06:30,4023.21,4028.98,4019.61,4028.44,74.9181,binance
2026-07-15 07:00,4028.44,4029.99,4017.46,4020.26,26.8342,binance
2026-07-15 07:30,4020.25,4023.16,4017.46,4020.7,9.2511,binance
2026-07-15 08:00,4020.58,4023.28,4015.23,4022.76,30.2496,binance
2026-07-15 08:30,4022.71,4028.98,4021.23,4027.91,11.5274,binance
2026-07-15 09:00,4027.51,4030.0,4024.05,4024.39,29.4459,binance
2026-07-15 09:30,4024.0,4026.85,4022.81,4026.68,15.9272,binance
2026-07-15 10:00,4026.96,4031.87,4023.51,4026.01,44.9762,binance
2026-07-15 10:30,4026.03,4029.79,4024.2,4024.59,66.2086,binance
2026-07-15 11:00,4025.32,4028.6,4024.34,4027.24,13.234,binance
2026-07-15 11:30,4027.36,4035.58,4026.29,4035.16,12.3539,binance
2026-07-15 12:00,4034.75,4038.14,4032.08,4036.59,25.1167,binance
2026-07-15 12:30,4037.22,4065.7,4037.22,4062.54,189.4437,binance
2026-07-15 13:00,4063.21,4068.2,4049.62,4050.33,85.8538,binance
2026-07-15 13:30,4051.5,4060.42,4050.76,4056.73,98.5187,binance
2026-07-15 14:00,4056.73,4060.0,4050.28,4052.26,101.4302,binance
2026-07-15 14:30,4051.76,4057.32,4047.14,4054.42,30.0547,binance
2026-07-15 15:00,4054.43,4056.1,4033.99,4042.49,34.5631,binance
2026-07-15 15:30,4042.5,4044.31,4038.98,4040.58,19.7732,binance
2026-07-15 16:00,4040.76,4041.23,4027.64,4029.83,36.7344,binance
2026-07-15 16:30,4029.24,4032.58,4022.28,4027.89,94.1821,binance
2026-07-15 17:00,4028.22,4043.3,4028.22,4043.2,17.5419,binance
2026-07-15 17:30,4042.74,4059.37,4042.74,4055.61,76.2456,binance
2026-07-15 18:00,4055.61,4068.78,4055.18,4068.78,201.371,binance
2026-07-15 18:30,4068.78,4074.78,4052.64,4052.64,44.0788,binance
2026-07-15 19:00,4052.64,4057.24,4048.4,4050.66,27.0952,binance
2026-07-15 19:30,4050.66,4052.02,4044.0,4050.47,36.5396,binance
2026-07-15 20:00,4051.39,4056.88,4050.44,4055.69,19.2118,binance
2026-07-15 20:30,4055.69,4057.25,4055.23,4055.23,3.1382,binance
2026-07-15 21:00,4055.27,4056.85,4055.26,4056.85,11.242,binance
2026-07-15 21:30,4056.85,4057.81,4056.83,4057.27,6.3145,binance
2026-07-15 22:00,4056.86,4058.57,4055.51,4055.87,9.0145,binance
2026-07-15 22:30,4055.87,4055.87,4052.01,4053.62,19.1985,binance
2026-07-15 23:00,4053.59,4054.56,4050.92,4051.14,11.4047,binance
2026-07-15 23:30,4051.15,4052.81,4050.22,4051.77,1.996,binance
2026-07-16 00:00,4051.57,4052.89,4048.52,4052.54,9.3151,binance
2026-07-16 00:30,4051.63,4054.03,4038.54,4038.55,14.3295,binance
2026-07-16 01:00,4038.54,4043.95,4029.63,4031.8,50.4682,binance
2026-07-16 01:30,4031.19,4039.36,4031.19,4033.18,15.4632,binance
2026-07-16 02:00,4033.51,4033.52,4024.65,4028.99,14.8507,binance
2026-07-16 02:30,4029.33,4029.47,4020.01,4027.24,34.1183,binance
2026-07-16 03:00,4026.82,4028.46,4023.46,4028.27,29.6881,binance
2026-07-16 03:30,4028.46,4031.55,4027.87,4031.55,12.7635,binance
2026-07-16 04:00,4031.7,4031.9,4027.23,4027.31,3.0924,binance
2026-07-16 04:30,4028.97,4029.99,4027.47,4028.97,38.0761,binance
2026-07-16 05:00,4028.1,4028.73,4023.01,4023.07,25.4007,binance
2026-07-16 05:30,4023.07,4027.29,4021.01,4023.68,41.3934,binance
2026-07-16 06:00,4023.34,4031.67,4023.34,4026.45,39.7382,binance
2026-07-16 06:30,4026.1,4026.41,4019.62,4025.81,30.3175,binance
2026-07-16 07:00,4025.68,4025.68,4019.62,4020.42,30.1049,binance
2026-07-16 07:30,4020.39,4025.94,4019.45,4025.93,16.8991,binance
2026-07-16 08:00,4025.83,4028.57,4020.17,4026.41,34.4806,binance
2026-07-16 08:30,4027.82,4030.39,4026.82,4029.49,13.6828,binance
2026-07-16 09:00,4029.91,4031.82,4026.2,4028.0,7.0163,binance
2026-07-16 09:30,4028.0,4030.95,4025.77,4027.8,16.8388,binance
2026-07-16 10:00,4027.52,4029.21,4025.01,4028.07,20.5146,binance
2026-07-16 10:30,4028.07,4029.36,4024.59,4024.67,12.6891,binance
2026-07-16 11:00,4025.26,4025.26,4018.27,4020.17,23.7723,binance
2026-07-16 11:30,4020.44,4037.51,4020.16,4033.68,40.4315,binance
2026-07-16 12:00,4033.77,4037.13,4009.05,4020.96,283.7509,binance
2026-07-16 12:30,4021.73,4024.27,3988.51,3990.16,255.459,binance
2026-07-16 13:00,3990.16,4003.37,3972.51,4003.37,336.6131,binance
2026-07-16 13:30,4003.22,4005.2,3981.5,3989.36,158.3338,binance
2026-07-16 14:00,3989.36,3999.77,3987.01,3999.36,67.3925,binance
2026-07-16 14:30,3999.35,4005.19,3992.29,3997.46,62.5608,binance
2026-07-16 15:00,3997.7,4014.25,3989.81,4011.09,105.4365,binance
2026-07-16 15:30,4010.6,4018.79,4005.22,4005.79,324.6979,binance
2026-07-16 16:00,4005.79,4005.79,3983.56,3987.26,105.1197,binance
2026-07-16 16:30,3987.27,3996.01,3987.27,3992.63,78.2552,binance
2026-07-16 17:00,3992.21,3992.21,3982.91,3986.84,69.8637,binance
2026-07-16 17:30,3987.32,3988.02,3975.48,3984.06,262.1049,binance
2026-07-16 18:00,3984.05,3988.12,3983.39,3984.91,232.4,binance
2026-07-16 18:30,3984.91,3984.91,3976.08,3980.06,166.0986,binance
2026-07-16 19:00,3980.07,3984.98,3979.0,3979.22,50.937,binance
2026-07-16 19:30,3979.22,3982.16,3970.73,3980.19,39.0884,binance
2026-07-16 20:00,3979.8,3980.1,3973.02,3975.01,26.7257,binance
2026-07-16 20:30,3975.05,3976.86,3974.05,3976.85,20.3352,binance
2026-07-16 21:00,3976.86,3979.83,3976.39,3979.83,47.5874,binance
2026-07-16 21:30,3979.83,3985.06,3979.82,3981.42,38.1174,binance
2026-07-16 22:00,3981.41,3981.41,3975.84,3976.17,39.8754,binance
2026-07-16 22:30,3976.17,3978.18,3974.3,3978.18,22.5393,binance
2026-07-16 23:00,3977.39,3980.34,3975.81,3978.62,32.5879,binance
2026-07-16 23:30,3978.0,3986.13,3976.16,3986.13,19.0509,binance
2026-07-17 00:00,3986.13,3989.75,3983.8,3984.69,32.8432,binance
2026-07-17 00:30,3983.4,3991.56,3980.89,3991.56,29.3766,binance
2026-07-17 01:00,3990.93,3994.28,3987.63,3990.75,27.0368,binance
2026-07-17 01:30,3990.74,3993.75,3979.57,3982.08,128.1414,binance
2026-07-17 02:00,3982.7,3986.73,3980.01,3982.8,23.3802,binance
2026-07-17 02:30,3982.8,3983.06,3972.0,3978.23,99.4772,binance
2026-07-17 03:00,3979.16,4006.49,3979.16,3999.42,77.9341,binance
2026-07-17 03:30,3999.4,3999.66,3990.34,3990.66,16.0764,binance
2026-07-17 04:00,3990.67,3990.67,3985.03,3985.71,15.502,binance
2026-07-17 04:30,3985.97,3986.99,3980.31,3981.28,23.2051,binance
2026-07-17 05:00,3980.59,3982.79,3976.1,3978.91,64.8631,binance
2026-07-17 05:30,3978.66,3989.32,3977.96,3983.8,35.0602,binance
2026-07-17 06:00,3983.8,4003.35,3983.8,4001.57,170.9821,binance
2026-07-17 06:30,4001.57,4004.01,3994.63,3997.47,26.3488,binance
2026-07-17 07:00,3997.09,4000.99,3992.41,3994.15,17.1498,binance
2026-07-17 07:30,3994.27,3996.73,3991.96,3991.96,32.17,binance
2026-07-17 08:00,3992.0,3997.18,3987.7,3991.15,37.5849,binance
2026-07-17 08:30,3990.49,3997.49,3987.13,3993.0,10.5888,binance
2026-07-17 09:00,3992.86,3999.99,3991.96,3997.58,22.1023,binance
2026-07-17 09:30,3997.73,3997.98,3993.84,3995.52,15.9411,binance
2026-07-17 10:00,3995.97,3996.69,3992.93,3994.65,42.7072,binance
2026-07-17 10:30,3994.66,3995.08,3988.91,3988.91,35.9415,binance
2026-07-17 11:00,3988.92,3993.74,3988.53,3993.53,26.7292,binance
2026-07-17 11:30,3993.79,3996.32,3990.11,3992.4,30.2441,binance
2026-07-17 12:00,3992.4,3993.71,3983.3,3985.52,35.0347,binance
2026-07-17 12:30,3985.52,3985.52,3964.71,3965.97,109.9548,binance
2026-07-17 13:00,3965.78,3975.27,3960.53,3968.01,86.1602,binance
2026-07-17 13:30,3968.4,4000.3,3964.41,3994.4,106.8808,binance
2026-07-17 14:00,3994.56,4001.37,3988.77,3996.46,61.4915,binance
2026-07-17 14:30,3996.05,3997.72,3990.61,3997.54,47.2016,binance
2026-07-17 15:00,3997.54,4010.87,3995.19,4009.13,90.8271,binance
2026-07-17 15:30,4009.13,4016.3,4005.5,4013.68,84.4415,binance
2026-07-17 16:00,4013.69,4017.83,4005.8,4014.8,68.0809,binance
2026-07-17 16:30,4013.73,4014.99,4008.53,4010.62,65.7995,binance
2026-07-17 17:00,4010.63,4013.64,4007.53,4008.59,25.2544,binance
2026-07-17 17:30,4008.84,4008.85,4002.81,4004.12,59.277,binance
2026-07-17 18:00,4004.38,4009.79,4002.98,4009.79,23.6037,binance
2026-07-17 18:30,4010.5,4010.5,4001.29,4006.14,42.4049,binance
2026-07-17 19:00,4006.15,4006.15,3998.12,4000.1,18.1624,binance
2026-07-17 19:30,4000.73,4010.78,4000.73,4010.75,30.78,binance
2026-07-17 20:00,4010.22,4010.22,4003.31,4004.24,11.7409,binance
2026-07-17 20:30,4004.97,4010.79,4002.93,4010.35,9.7263,binance
2026-07-17 21:00,4010.35,4010.36,4007.16,4007.16,10.6438,binance
2026-07-17 21:30,4007.16,4007.17,4005.38,4006.51,10.7463,binance
2026-07-17 22:00,4006.5,4006.92,4006.1,4006.25,4.0176,binance
2026-07-17 22:30,4006.24,4006.31,4006.24,4006.3,2.9558,binance
2026-07-17 23:00,4006.31,4006.7,4006.12,4006.26,9.2424,binance
2026-07-17 23:30,4006.26,4006.27,4006.09,4006.1,16.1061,binance
2026-07-18 00:00,4006.1,4006.83,4006.09,4006.83,19.5702,binance
2026-07-18 00:30,4006.83,4007.59,4006.82,4007.58,6.4353,binance
2026-07-18 01:00,4007.58,4008.07,4007.58,4007.88,8.5875,binance
2026-07-18 01:30,4007.89,4008.07,4007.88,4008.05,4.6917,binance
2026-07-18 02:00,4008.06,4008.06,4008.05,4008.06,2.9629,binance
2026-07-18 02:30,4008.05,4008.06,4008.05,4008.05,7.6216,binance
2026-07-18 03:00,4008.06,4008.87,4008.05,4008.86,8.4012,binance
2026-07-18 03:30,4008.87,4009.26,4008.86,4009.26,3.9094,binance
2026-07-18 04:00,4009.25,4010.33,4009.25,4009.93,6.5777,binance
2026-07-18 04:30,4009.93,4010.42,4009.93,4010.26,5.6421,binance
2026-07-18 05:00,4010.27,4011.34,4010.26,4011.34,9.8156,binance
2026-07-18 05:30,4011.23,4011.23,4009.4,4009.4,22.1889,binance
2026-07-18 06:00,4009.4,4009.86,4009.4,4009.85,6.2106,binance
2026-07-18 06:30,4009.86,4011.0,4009.85,4010.99,5.8721,binance
2026-07-18 07:00,4010.99,4013.7,4010.99,4013.35,7.7758,binance
2026-07-18 07:30,4013.35,4013.36,4013.14,4013.31,13.9667,binance
2026-07-18 08:00,4013.32,4013.52,4013.14,4013.51,12.7987,binance
2026-07-18 08:30,4013.52,4013.54,4013.51,4013.53,6.4409,binance
2026-07-18 09:00,4013.54,4013.77,4013.53,4013.76,7.9136,binance
2026-07-18 09:30,4013.76,4014.0,4013.76,4013.99,8.225,binance
2026-07-18 10:00,4013.99,4014.0,4013.99,4013.99,6.6172,binance
2026-07-18 10:30,4013.99,4014.0,4013.1,4013.1,9.6396,binance
2026-07-18 11:00,4013.1,4013.11,4013.1,4013.1,6.2453,binance
2026-07-18 11:30,4013.11,4013.11,4013.1,4013.1,5.7648,binance
2026-07-18 12:00,4013.1,4013.19,4012.99,4013.19,16.3626,binance
2026-07-18 12:30,4013.19,4013.4,4012.99,4013.18,7.7355,binance
2026-07-18 13:00,4013.19,4013.19,4011.75,4011.75,6.2816,binance
2026-07-18 13:30,4011.76,4011.76,4011.08,4011.08,1.7468,binance
2026-07-18 14:00,4011.09,4011.09,4010.57,4011.08,20.38,binance
2026-07-18 14:30,4011.08,4012.57,4011.08,4012.44,5.1557,binance
2026-07-18 15:00,4012.45,4013.05,4012.44,4012.78,7.7289,binance
2026-07-18 15:30,4012.78,4012.79,4011.99,4011.99,4.5344,binance
2026-07-18 16:00,4012.0,4012.41,4011.99,4012.4,1.7502,binance
2026-07-18 16:30,4012.4,4013.46,4012.4,4013.45,9.258,binance
2026-07-18 17:00,4013.45,4014.7,4013.45,4014.5,8.5451,binance
2026-07-18 17:30,4014.5,4015.0,4014.49,4014.99,4.2322,binance
2026-07-18 18:00,4015.0,4015.0,4009.02,4010.37,22.6103,binance
2026-07-18 18:30,4010.37,4010.38,4009.66,4009.94,6.7484,binance
2026-07-18 19:00,4009.95,4009.95,4008.0,4008.0,24.5849,binance
2026-07-18 19:30,4008.01,4008.01,4007.44,4007.45,7.5918,binance
2026-07-18 20:00,4007.45,4007.49,4005.15,4007.16,15.7045,binance
2026-07-18 20:30,4007.16,4007.17,4007.13,4007.13,3.795,binance
2026-07-18 21:00,4007.14,4007.14,4006.4,4006.4,6.0206,binance
2026-07-18 21:30,4006.41,4006.92,4005.52,4005.66,12.5702,binance
2026-07-18 22:00,4005.67,4006.72,4005.66,4006.71,1.5846,binance
2026-07-18 22:30,4006.72,4006.72,4006.23,4006.44,12.92,binance
2026-07-18 23:00,4006.45,4007.49,4006.44,4007.48,5.348,binance
2026-07-18 23:30,4007.48,4012.3,4007.48,4012.29,22.8184,binance
2026-07-19 00:00,4012.29,4012.83,4012.29,4012.32,6.6108,binance
2026-07-19 00:30,4012.32,4012.33,4012.08,4012.09,1.2457,binance
2026-07-19 01:00,4012.08,4012.09,4011.92,4011.93,1.2676,binance
2026-07-19 01:30,4011.93,4011.94,4011.53,4011.93,8.6373,binance
2026-07-19 02:00,4011.94,4013.02,4011.93,4012.54,5.3736,binance
2026-07-19 02:30,4012.54,4012.55,4012.3,4012.3,5.8663,binance
2026-07-19 03:00,4012.31,4012.31,4012.3,4012.3,5.4333,binance
2026-07-19 03:30,4012.3,4012.31,4012.03,4012.03,1.2146,binance
2026-07-19 04:00,4012.04,4012.04,4011.54,4011.54,7.293,binance
2026-07-19 04:30,4011.54,4011.77,4011.54,4011.54,0.9476,binance
2026-07-19 05:00,4011.55,4011.55,4011.54,4011.54,2.7978,binance
2026-07-19 05:30,4011.55,4011.55,4011.54,4011.55,2.8274,binance
2026-07-19 06:00,4011.54,4011.55,4011.54,4011.54,11.8715,binance
2026-07-19 06:30,4011.55,4011.55,4010.51,4010.51,6.2732,binance
2026-07-19 07:00,4010.52,4010.52,4010.51,4010.51,2.4617,binance
2026-07-19 07:30,4010.51,4010.52,4009.8,4009.8,8.92,binance
2026-07-19 08:00,4009.81,4009.84,4009.0,4009.0,10.5226,binance
2026-07-19 08:30,4009.0,4010.27,4008.1,4009.61,11.3398,binance
2026-07-19 09:00,4009.61,4009.61,4009.5,4009.5,3.2593,binance
2026-07-19 09:30,4009.5,4009.5,4008.19,4008.19,9.4151,binance
2026-07-19 10:00,4008.2,4008.2,4005.71,4006.79,29.7516,binance
2026-07-19 10:30,4006.8,4008.87,4006.79,4008.09,12.1992,binance
2026-07-19 11:00,4008.1,4008.1,4005.47,4007.85,19.537,binance
2026-07-19 11:30,4007.86,4007.86,4006.69,4006.71,12.3842,binance
2026-07-19 12:00,4006.7,4006.71,4004.48,4004.68,13.2507,binance
2026-07-19 12:30,4004.69,4004.69,4003.91,4003.92,13.2945,binance
2026-07-19 13:00,4003.92,4006.73,4003.47,4006.73,44.5904,binance
2026-07-19 13:30,4006.73,4007.21,4006.72,4006.85,16.1906,binance
2026-07-19 14:00,4006.86,4009.29,4006.85,4009.28,18.4411,binance
2026-07-19 14:30,4009.27,4009.28,4009.0,4009.0,4.178,binance
2026-07-19 15:00,4009.01,4009.13,4008.68,4008.76,7.5001,binance
2026-07-19 15:30,4008.77,4008.77,4008.2,4008.2,3.7084,binance
2026-07-19 16:00,4008.21,4008.92,4008.0,4008.88,10.0963,binance
2026-07-19 16:30,4008.88,4008.88,4007.0,4007.46,7.1166,binance
2026-07-19 17:00,4007.42,4010.22,4007.22,4010.12,29.4189,binance
2026-07-19 17:30,4010.12,4010.35,4010.12,4010.35,4.4792,binance
2026-07-19 18:00,4010.35,4010.42,4009.29,4010.41,8.0435,binance
2026-07-19 18:30,4010.42,4010.7,4010.42,4010.7,2.5369,binance
2026-07-19 19:00,4010.69,4010.96,4010.41,4010.91,7.1603,binance
2026-07-19 19:30,4010.9,4010.91,4009.76,4010.45,6.2545,binance
2026-07-19 20:00,4010.46,4010.56,4009.98,4009.98,12.1284,binance
2026-07-19 20:30,4009.99,4009.99,4009.56,4009.57,1.7401,binance
2026-07-19 21:00,4009.57,4009.57,4008.39,4008.39,4.355,binance
2026-07-19 21:30,4008.4,4008.4,4007.27,4007.27,5.0804,binance
2026-07-19 22:00,4007.27,4007.27,3991.12,3992.01,234.6846,binance
2026-07-19 22:30,3992.0,3995.7,3991.15,3993.22,10.8687,binance
2026-07-19 23:00,3993.23,3993.23,3989.06,3990.75,21.3345,binance
2026-07-19 23:30,3990.75,3993.57,3987.89,3993.01,15.709,binance
2026-07-20 00:00,3993.02,4003.15,3982.03,4002.09,60.6958,binance
2026-07-20 00:30,4001.01,4006.54,3996.2,4005.39,32.0465,binance
2026-07-20 01:00,4005.68,4017.83,3998.89,4000.07,70.2818,binance
2026-07-20 01:30,4001.02,4002.87,3995.0,3999.98,20.159,binance
2026-07-20 02:00,3999.98,4006.63,3999.4,4005.41,11.6811,binance
2026-07-20 02:30,4004.59,4025.0,4004.07,4020.12,50.4596,binance
2026-07-20 03:00,4019.03,4023.88,4017.37,4021.23,15.6719,binance
2026-07-20 03:30,4020.48,4024.83,4018.11,4020.48,12.8635,binance
2026-07-20 04:00,4020.97,4023.37,4019.41,4022.0,9.2977,binance
2026-07-20 04:30,4022.79,4022.79,4015.9,4016.13,33.6813,binance
2026-07-20 05:00,4016.14,4017.71,4008.72,4009.66,34.0417,binance
2026-07-20 05:30,4009.04,4012.04,4004.21,4007.29,15.4421,binance
2026-07-20 06:00,4006.61,4009.67,4003.02,4003.71,10.9973,binance
2026-07-20 06:30,4003.7,4004.61,4001.2,4001.21,33.7479,binance
2026-07-20 07:00,4001.3,4005.85,4000.51,4004.42,26.5369,binance
2026-07-20 07:30,4004.41,4018.93,4004.41,4014.54,38.8014,binance
2026-07-20 08:00,4014.55,4026.93,4014.55,4020.39,40.627,binance
2026-07-20 08:30,4019.58,4021.26,4014.77,4016.06,45.6745,binance
2026-07-20 09:00,4016.05,4017.59,4012.22,4012.5,20.6167,binance
2026-07-20 09:30,4012.49,4019.26,4012.27,4016.76,24.7957,binance
2026-07-20 10:00,4016.77,4018.83,4014.96,4018.75,47.3667,binance
2026-07-20 10:30,4018.38,4021.14,4016.89,4019.53,61.8108,binance
2026-07-20 11:00,4019.53,4022.49,4016.47,4018.39,38.4551,binance
2026-07-20 11:30,4018.38,4036.1,4017.76,4022.13,197.7629,binance
2026-07-20 12:00,4021.92,4021.92,4005.29,4010.61,128.7301,binance
2026-07-20 12:30,4011.31,4013.72,4005.47,4006.93,106.3283,binance
2026-07-20 13:00,4006.92,4012.04,4005.0,4006.04,38.9731,binance
2026-07-20 13:30,4006.04,4014.01,4003.54,4004.49,48.2185,binance
2026-07-20 14:00,4003.79,4005.27,3997.4,4004.08,132.8533,binance
2026-07-20 14:30,4004.07,4010.62,4003.51,4003.73,47.0479,binance
2026-07-20 15:00,4003.74,4015.91,4002.93,4012.88,24.7142,binance
2026-07-20 15:30,4012.89,4013.68,4007.33,4009.33,35.0704,binance
2026-07-20 16:00,4008.58,4014.61,4008.58,4009.21,55.3262,binance
2026-07-20 16:30,4009.2,4009.24,4000.44,4006.84,47.6904,binance
2026-07-20 17:00,4007.73,4010.58,4007.69,4010.21,42.8423,binance
2026-07-20 17:30,4010.18,4010.19,4002.92,4003.48,29.2684,binance
2026-07-20 18:00,4003.66,4009.41,4002.93,4004.89,69.3171,binance
2026-07-20 18:30,4004.88,4006.28,4003.05,4005.39,26.0681,binance
2026-07-20 19:00,4005.06,4010.43,4002.99,4008.98,29.983,binance
2026-07-20 19:30,4011.17,4014.63,4002.95,4004.93,94.5869,binance
2026-07-20 20:00,4004.93,4006.84,4004.37,4006.09,18.6024,binance
2026-07-20 20:30,4006.1,4006.56,4003.84,4004.65,15.3168,binance
2026-07-20 21:00,4004.87,4007.36,4004.3,4007.36,10.7124,binance
2026-07-20 21:30,4007.36,4008.69,4007.35,4008.69,10.0596,binance
2026-07-20 22:00,4008.69,4008.69,4004.01,4007.54,7.3329,binance
2026-07-20 22:30,4007.54,4007.54,3998.73,3999.32,28.4245,binance
2026-07-20 23:00,3998.93,4006.74,3998.59,4002.44,15.1825,binance
2026-07-20 23:30,4002.42,4007.5,4002.42,4007.5,22.3901,binance
2026-07-21 00:00,4007.49,4014.69,4001.76,4012.12,32.3965,binance
2026-07-21 00:30,4012.23,4021.98,4011.63,4021.61,23.4522,binance
2026-07-21 01:00,4021.08,4030.75,4015.81,4023.72,70.8834,binance
2026-07-21 01:30,4023.38,4025.93,4018.37,4019.19,48.5292,binance
2026-07-21 02:00,4018.89,4025.0,4018.42,4025.0,6.214,binance
2026-07-21 02:30,4025.57,4039.48,4025.57,4033.59,53.0146,binance
2026-07-21 03:00,4033.96,4047.17,4033.51,4043.87,48.9977,binance
2026-07-21 03:30,4043.36,4044.53,4038.62,4042.13,16.745,binance
2026-07-21 04:00,4043.63,4046.36,4039.45,4039.65,29.4529,binance
2026-07-21 04:30,4039.84,4043.68,4039.45,4043.67,30.7369,binance
2026-07-21 05:00,4043.68,4050.92,4041.74,4049.99,40.3036,binance
2026-07-21 05:30,4049.41,4061.88,4049.41,4055.94,75.898,binance
2026-07-21 06:00,4055.56,4067.5,4055.56,4065.69,59.7669,binance
2026-07-21 06:30,4066.41,4076.33,4066.33,4072.97,92.5482,binance
2026-07-21 07:00,4072.97,4073.59,4062.85,4063.49,36.4043,binance
2026-07-21 07:30,4063.0,4068.24,4061.88,4064.74,117.6319,binance
2026-07-21 08:00,4064.93,4066.13,4057.66,4057.66,122.3567,binance
2026-07-21 08:30,4057.66,4062.01,4055.67,4058.9,813.5219,binance
2026-07-21 09:00,4058.89,4063.68,4058.89,4058.91,37.4154,binance
2026-07-21 09:30,4058.91,4064.3,4057.48,4062.24,20.2667,binance
2026-07-21 10:00,4061.68,4064.68,4057.26,4063.45,105.1788,binance
2026-07-21 10:30,4063.45,4066.0,4058.91,4058.92,46.3725,binance
2026-07-21 11:00,4058.92,4058.93,4052.18,4053.83,54.0222,binance
2026-07-21 11:30,4053.82,4057.29,4048.19,4052.22,106.456,binance
2026-07-21 12:00,4052.21,4060.81,4052.21,4057.61,25.8897,binance
2026-07-21 12:30,4058.97,4059.29,4047.28,4050.24,74.5603,binance
2026-07-21 13:00,4051.59,4056.84,4046.97,4047.48,47.9387,binance
2026-07-21 13:30,4047.48,4053.23,4040.49,4049.12,79.7699,binance
2026-07-21 14:00,4049.2,4064.59,4048.12,4064.51,94.3726,binance
2026-07-21 14:30,4064.59,4068.42,4057.63,4063.09,92.3425,binance
2026-07-21 15:00,4063.5,4072.2,4060.9,4071.17,74.2615,binance
2026-07-21 15:30,4071.12,4075.63,4065.14,4066.7,150.5463,binance
2026-07-21 16:00,4067.18,4071.89,4067.18,4069.66,28.8659,binance
2026-07-21 16:30,4069.66,4070.02,4063.49,4065.14,29.8413,binance
2026-07-21 17:00,4065.29,4066.59,4063.54,4066.43,52.3893,binance
2026-07-21 17:30,4066.43,4066.44,4060.59,4062.13,181.6544,binance
2026-07-21 18:00,4062.58,4080.0,4061.67,4076.51,206.6383,binance
2026-07-21 18:30,4076.51,4078.92,4072.74,4075.94,33.2618,binance
2026-07-21 19:00,4075.94,4079.02,4073.68,4078.22,93.1281,binance
2026-07-21 19:30,4078.22,4079.07,4075.79,4077.97,14.6909,binance
2026-07-21 20:00,4077.97,4079.35,4075.44,4075.44,21.6486,binance
2026-07-21 20:30,4075.45,4078.24,4071.14,4071.27,20.3671,binance
2026-07-21 21:00,4071.27,4071.79,4070.82,4071.79,17.5193,binance
2026-07-21 21:30,4071.68,4074.06,4071.68,4073.61,6.4527,binance
2026-07-21 22:00,4073.62,4075.0,4071.03,4075.0,20.072,binance
2026-07-21 22:30,4075.0,4077.61,4072.84,4074.08,17.5121,binance
2026-07-21 23:00,4074.08,4075.28,4073.53,4074.82,8.3644,binance
2026-07-21 23:30,4074.82,4076.2,4073.34,4074.01,109.1275,binance
2026-07-22 00:00,4074.13,4091.01,4071.38,4090.3,72.3236,binance
2026-07-22 00:30,4090.59,4093.8,4083.99,4090.22,41.3443,binance
2026-07-22 01:00,4090.23,4113.87,4090.23,4108.45,93.4973,binance
2026-07-22 01:30,4107.71,4114.53,4105.58,4113.82,61.8149,binance
2026-07-22 02:00,4113.74,4116.77,4111.06,4115.37,153.5894,binance
2026-07-22 02:30,4115.38,4121.65,4113.93,4121.65,132.4237,binance
2026-07-22 03:00,4121.64,4132.58,4121.26,4129.69,148.9954,binance
2026-07-22 03:30,4129.68,4129.68,4122.16,4122.26,32.048,binance
2026-07-22 04:00,4122.26,4122.26,4118.54,4119.04,189.9213,binance
2026-07-22 04:30,4119.53,4119.53,4115.57,4118.02,112.298,binance
2026-07-22 05:00,4118.02,4120.45,4114.65,4115.4,25.1203,binance
2026-07-22 05:30,4114.75,4124.01,4114.34,4121.67,40.0954,binance
2026-07-22 06:00,4121.68,4125.03,4104.99,4107.11,206.6397,binance
2026-07-22 06:30,4106.96,4111.06,4104.98,4106.14,85.4339,binance
2026-07-22 07:00,4106.14,4112.02,4103.22,4109.93,45.0257,binance
2026-07-22 07:30,4109.94,4113.08,4100.35,4100.35,88.0947,binance
2026-07-22 08:00,4101.22,4109.32,4101.22,4108.59,19.4019,binance
2026-07-22 08:30,4108.59,4111.98,4106.71,4110.67,27.2836,binance
2026-07-22 09:00,4110.67,4114.18,4110.03,4110.03,18.8634,binance
2026-07-22 09:30,4111.09,4112.96,4105.16,4105.72,28.1966,binance
2026-07-22 10:00,4105.73,4113.4,4105.73,4111.87,155.6208,binance
2026-07-22 10:30,4111.87,4112.3,4108.6,4109.82,22.9747,binance
2026-07-22 11:00,4109.83,4115.3,4108.19,4110.75,55.5966,binance
2026-07-22 11:30,4110.76,4115.22,4105.62,4115.22,53.3379,binance
2026-07-22 12:00,4115.22,4125.0,4114.57,4125.0,60.1827,binance
2026-07-22 12:30,4124.99,4126.46,4101.27,4104.52,123.5332,binance
2026-07-22 13:00,4106.36,4126.6,4106.36,4123.83,39.0127,binance
2026-07-22 13:30,4123.84,4148.53,4123.84,4147.22,274.058,binance
2026-07-22 14:00,4147.23,4154.6,4136.36,4137.86,202.3149,binance
2026-07-22 14:30,4139.0,4144.2,4136.39,4140.9,70.6727,binance
2026-07-22 15:00,4140.91,4152.94,4140.9,4148.85,225.536,binance
2026-07-22 15:30,4148.85,4157.63,4148.23,4151.95,119.5525,binance
2026-07-22 16:00,4151.95,4151.95,4140.49,4140.92,127.1977,binance
2026-07-22 16:30,4140.93,4143.8,4138.01,4140.15,198.1345,binance
2026-07-22 17:00,4140.14,4140.15,4134.86,4138.87,84.2491,binance
2026-07-22 17:30,4138.87,4139.53,4132.31,4135.79,85.053,binance
2026-07-22 18:00,4135.32,4135.32,4128.57,4129.24,24.8815,binance
2026-07-22 18:30,4129.25,4132.89,4126.67,4130.43,34.6051,binance
2026-07-22 19:00,4129.82,4131.04,4126.68,4128.91,9.9964,binance
2026-07-22 19:30,4128.9,4129.89,4124.0,4126.26,26.9489,binance
2026-07-22 20:00,4125.73,4131.05,4125.19,4130.9,56.955,binance
2026-07-22 20:30,4130.91,4131.04,4124.14,4126.14,23.0817,binance
2026-07-22 21:00,4126.14,4127.97,4125.19,4126.54,36.5086,binance
2026-07-22 21:30,4126.54,4127.27,4126.53,4127.12,6.0439,binance
2026-07-22 22:00,4127.12,4127.12,4102.66,4122.57,275.1781,binance
2026-07-22 22:30,4123.21,4123.55,4114.97,4116.27,54.2561,binance
2026-07-22 23:00,4116.28,4118.38,4111.07,4113.85,23.3395,binance
2026-07-22 23:30,4113.86,4127.13,4113.85,4127.0,27.7674,binance
2026-07-23 00:00,4127.13,4128.44,4120.83,4124.39,26.6677,binance
2026-07-23 00:30,4124.39,4127.06,4120.11,4126.48,15.2305,binance
2026-07-23 01:00,4126.48,4134.03,4124.06,4131.6,77.9031,binance
2026-07-23 01:30,4131.7,4132.66,4109.1,4111.78,146.2415,binance
2026-07-23 02:00,4111.45,4113.48,4107.1,4110.48,73.7473,binance
2026-07-23 02:30,4111.4,4122.65,4109.43,4122.23,75.1013,binance
2026-07-23 03:00,4122.24,4126.79,4118.75,4124.85,56.3935,binance
2026-07-23 03:30,4124.86,4124.86,4118.47,4118.48,22.8596,binance
2026-07-23 04:00,4118.48,4124.21,4117.17,4124.01,25.3497,binance
2026-07-23 04:30,4124.2,4124.2,4114.63,4115.28,35.5132,binance
2026-07-23 05:00,4115.28,4118.91,4114.2,4118.66,16.1775,binance
2026-07-23 05:30,4119.54,4124.23,4115.88,4117.32,20.1848,binance
2026-07-23 06:00,4118.5,4121.57,4115.94,4116.08,33.0277,binance
2026-07-23 06:30,4116.51,4117.51,4112.89,4113.23,22.137,binance
2026-07-23 07:00,4113.85,4114.16,4098.05,4102.74,92.0518,binance
2026-07-23 07:30,4102.74,4102.74,4086.67,4090.14,164.0768,binance
2026-07-23 08:00,4090.62,4092.22,4084.33,4087.13,88.4587,binance
2026-07-23 08:30,4087.3,4089.74,4083.4,4089.51,57.6824,binance
2026-07-23 09:00,4089.51,4094.57,4086.23,4087.74,58.3044,binance
2026-07-23 09:30,4087.12,4089.92,4084.91,4085.21,12.8259,binance
2026-07-23 10:00,4085.21,4088.15,4081.99,4084.46,63.3672,binance
2026-07-23 10:30,4084.47,4089.93,4082.58,4088.18,24.561,binance
2026-07-23 11:00,4089.01,4089.01,4077.51,4079.9,33.7509,binance
2026-07-23 11:30,4079.45,4085.16,4069.58,4081.95,75.7805,binance
2026-07-23 12:00,4081.94,4081.95,4067.73,4072.09,54.533,binance
2026-07-23 12:30,4071.35,4071.35,4058.03,4058.5,115.0105,binance
2026-07-23 13:00,4058.39,4060.0,4038.55,4055.87,354.6,binance
2026-07-23 13:30,4055.82,4063.33,4041.13,4041.13,79.6942,binance
2026-07-23 14:00,4041.13,4055.62,4038.4,4055.62,82.8039,binance
2026-07-23 14:30,4054.52,4059.2,4050.03,4055.39,45.0813,binance
2026-07-23 15:00,4055.4,4056.6,4043.88,4044.67,53.1334,binance
2026-07-23 15:30,4044.47,4050.28,4040.9,4046.73,34.2089,binance
2026-07-23 16:00,4046.98,4048.5,4044.82,4048.47,26.1638,binance
2026-07-23 16:30,4048.66,4049.45,4045.64,4049.29,20.0685,binance
2026-07-23 17:00,4049.43,4052.32,4044.81,4045.08,31.4515,binance
2026-07-23 17:30,4045.2,4046.57,4040.01,4040.01,16.5097,binance
2026-07-23 18:00,4040.01,4041.69,4038.55,4041.67,94.0365,binance
2026-07-23 18:30,4041.67,4045.3,4041.67,4043.53,20.011,binance
2026-07-23 19:00,4044.12,4046.17,4041.56,4045.59,15.9671,binance
2026-07-23 19:30,4046.05,4048.45,4043.47,4048.21,12.8469,binance
2026-07-23 20:00,4048.22,4048.82,4046.4,4047.46,15.1233,binance
2026-07-23 20:30,4047.55,4047.56,4045.92,4046.67,6.9882,binance
2026-07-23 21:00,4047.15,4047.17,4047.08,4047.14,4.6618,binance
2026-07-23 21:30,4047.13,4047.52,4047.13,4047.42,5.3034,binance
2026-07-23 22:00,4047.43,4047.77,4046.31,4047.16,6.8858,binance
2026-07-23 22:30,4047.33,4048.06,4047.32,4047.34,5.4544,binance
2026-07-23 23:00,4047.35,4047.35,4045.17,4046.75,10.0349,binance
2026-07-23 23:30,4046.74,4048.21,4045.13,4045.13,10.8138,binance
2026-07-24 00:00,4045.6,4047.37,4038.99,4043.71,19.8609,binance
2026-07-24 00:30,4044.49,4048.21,4043.45,4047.66,10.3014,binance
2026-07-24 01:00,4047.67,4047.67,4037.77,4041.95,15.061,binance
2026-07-24 01:30,4041.27,4049.0,4040.24,4042.07,26.3309,binance
2026-07-24 02:00,4042.07,4046.18,4040.2,4045.39,16.1374,binance
2026-07-24 02:30,4045.4,4046.07,4021.3,4021.94,112.4749,binance
2026-07-24 03:00,4022.39,4031.89,4021.54,4028.13,32.4007,binance
2026-07-24 03:30,4028.46,4031.28,4027.04,4027.74,18.6492,binance
2026-07-24 04:00,4027.67,4028.53,4025.87,4028.53,18.7682,binance
2026-07-24 04:30,4028.53,4028.73,4024.42,4026.23,18.108,binance
2026-07-24 05:00,4026.23,4030.17,4021.5,4024.29,12.2441,binance
2026-07-24 05:30,4024.3,4029.0,4020.76,4021.01,20.8318,binance
2026-07-24 06:00,4021.11,4036.72,4021.11,4034.9,27.5365,binance
2026-07-24 06:30,4034.55,4035.29,4030.15,4034.01,24.4816,binance
2026-07-24 07:00,4034.01,4046.14,4033.4,4044.97,65.5423,binance
2026-07-24 07:30,4044.52,4048.82,4041.04,4042.96,191.8241,binance
2026-07-24 08:00,4042.96,4047.12,4039.97,4046.95,236.303,binance
2026-07-24 08:30,4046.7,4052.03,4043.08,4051.68,122.2031,binance
2026-07-24 09:00,4051.67,4054.35,4047.19,4047.19,70.2591,binance
2026-07-24 09:30,4047.19,4053.28,4046.08,4053.28,32.8675,binance
2026-07-24 10:00,4053.28,4056.75,4051.64,4055.65,62.8233,binance
2026-07-24 10:30,4055.66,4057.16,4051.35,4053.06,51.3726,binance
2026-07-24 11:00,4053.07,4056.79,4052.73,4053.6,48.8177,binance
2026-07-24 11:30,4053.6,4054.46,4045.15,4052.65,96.6137,binance
2026-07-24 12:00,4051.79,4054.43,4046.75,4054.03,43.7578,binance
2026-07-24 12:30,4054.4,4054.4,4046.01,4049.77,47.67,binance
2026-07-24 13:00,4049.78,4051.74,4039.02,4040.75,85.2833,binance
2026-07-24 13:30,4040.78,4063.0,4039.35,4063.0,205.1613,binance
